United States,392
New York,296
same time,94
Rhode Island,90
last year,68
first time,67
White House,65
World War,60
other hand,60
fiscal year,57
U. S.,57
last night,56
high school,54
Peace Corps,52
old man,52
United Nations,49
New England,49
few years,49
young man,47
Los Angeles,47
last week,43
great deal,43
few days,41
General Motors,41
President Kennedy,40
New Orleans,40
long time,39
San Francisco,39
many years,36
Civil War,36
few minutes,34
Mr. Kennedy,34
Du Pont,34
other side,33
was nothing,33
St. Louis,32
is nothing,31
new members,31
living room,31
nineteenth century,30
young men,29
first place,29
was something,29
St. John,28
small business,28
dominant stress,28
real estate,27
Supreme Court,27
foreign policy,27
Soviet Union,27
good deal,27
Sam Rayburn,26
Air Force,26
do anything,26
other words,26
human beings,26
next day,26
York City,25
take place,25
recent years,25
home runs,25
large number,25
State Department,24
Kansas City,24
Jesus Christ,24
many times,24
wage rate,24
many people,23
American people,22
is something,22
same way,22
other people,22
is Af,22
Armed Forces,22
index words,22
Puerto Rico,21
nuclear weapons,21
next morning,21
most part,21
Lo Shu,21
front door,21
Mrs. Coolidge,21
index word,21
York Times,20
same thing,20
Mr. Skyros,20
General Assembly,19
New Jersey,19
go home,19
Mr. Podger,19
John Brown,19
anode holder,19
took place,18
High School,18
John A.,18
several years,18
had nothing,18
dining room,18
only way,18
West Berlin,18
other men,18
chemical name,18
take care,18
Mary Jane,18
carbon tetrachloride,18
information cell,18
Miss Langford,18
personal property,17
first step,17
higher education,17
much time,17
public interest,17
big man,17
East Greenwich,17
international law,17
human life,17
new birth,17
vocational education,17
private detective,17
basic wage,17
electronic switches,17
Linda Kay,17
public education,16
school districts,16
first day,16
nuclear war,16
cold war,16
other countries,16
short time,16
blue eyes,16
common sense,16
National Forest,16
radio emission,16
pulmonary artery,16
sweet clover,16
minimal polynomial,16
do something,15
high schools,15
free world,15
Premier Khrushchev,15
Mr. Khrushchev,15
Saturday night,15
interest rates,15
other areas,15
economic development,15
station wagon,15
human race,15
Drug's chemical,15
interior design,15
Du Pont's,15
Mr. Justice,15
A. Notte,15
bronchial artery,15
optimal policy,15
Bobby Joe,15
Miss Ada,15
little doubt,14
first year,14
President Kennedy's,14
vice president,14
income tax,14
New Testament,14
several days,14
other things,14
several times,14
many cases,14
faculty members,14
anti-trust laws,14
Vice President,14
last time,14
tax collection,14
Old Man,14
Brooklyn College,14
economic integration,14
private eye,14
fiscal years,14
capita income,14
appeal board,14
Export-Import Bank,14
electronic switch,14
school board,13
social security,13
young people,13
Viet Nam,13
Latin America,13
general public,13
Virgin Islands,13
next week,13
few hours,13
few months,13
large part,13
have nothing,13
old woman,13
only thing,13
takes place,13
early years,13
says Dr.,13
National Forests,13
prime minister,13
calendar year,13
Mr. Brown,13
Af bond,13
nonspecific staining,13
school desegregation,13
Superior Court,12
right hand,12
District Court,12
other members,12
press conference,12
wide variety,12
Long Island,12
several months,12
new ones,12
other nations,12
school system,12
whole world,12
more time,12
development program,12
good will,12
eighteenth century,12
social life,12
middle class,12
straight line,12
Red River,12
hot water,12
science fiction,12
Saxon Shore,12
Small Business,12
business concerns,12
general business,12
business activity,12
local board,12
hypothalamic balance,12
Utopian communism,12
oxidation pond,12
wash wheel,12
Simms Purdew,12
Big Hans,12
Mr. Jack,12
Mike Deegan,12
Mr. Nixon,11
Southeast Asia,11
left hand,11
have something,11
other states,11
other day,11
Hong Kong,11
Mrs. Robert,11
National Park,11
next year,11
past year,11
Christian faith,11
George Washington,11
come home,11
young woman,11
only man,11
Wall Street,11
Great Britain,11
taken place,11
other way,11
human being,11
many ways,11
far end,11
long way,11
hydrogen atoms,11
fat man,11
many things,11
South America,11
room temperature,11
other end,11
few moments,11
first thing,11
human nature,11
social system,11
know something,11
motor pool,11
See Chapter,11
Gross Income,11
federal courts,11
objective function,11
Blue Throat,11
El Paso,10
few weeks,10
other parts,10
Pathet Lao,10
federal government,10
take advantage,10
Kennedy Administration,10
free nations,10
next time,10
sales tax,10
tax bill,10
recent months,10
East Germany,10
Last year,10
had time,10
early days,10
Mrs. John,10
next door,10
white people,10
third time,10
Southern California,10
First Lady,10
North Carolina,10
local governments,10
take time,10
total number,10
East Berlin,10
American history,10
Little Rock,10
King James,10
New Hampshire,10
Motors stock,10
same manner,10
old days,10
labor dispute,10
Field Marshal,10
such things,10
Mr. White,10
Mr. Sansom,10
barbed wire,10
twentieth century,10
locking bars,10
locking bar,10
research team,10
Middle Ages,10
Mr. Clark,10
Main Street,10
much attention,10
said Mr.,10
red wine,10
Business Administration,10
came home,10
unwed mothers,10
black hair,10
short period,10
Internal Revenue,10
hearing officer's,10
Economic Affairs,10
growth center,10
order Af,10
text-form list,10
strong stress,10
Daily Journal,10
oxygen transfer,10
public relations,9
public schools,9
vocational rehabilitation,9
economic aid,9
civil defense,9
Mr. Hawksley,9
first aid,9
Rules Committee,9
Middle East,9
John F.,9
F. Kennedy,9
state government,9
District Attorney,9
American League,9
Mrs. William,9
Post Office,9
back seat,9
several weeks,9
other children,9
last month,9
license number,9
court order,9
collective bargaining,9
foreign aid,9
most people,9
important thing,9
Rhode Island's,9
large numbers,9
Western world,9
most cases,9
Mr. Eisenhower,9
good reason,9
long periods,9
little man,9
outer space,9
American life,9
modern world,9
few people,9
many others,9
good time,9
ballistic missile,9
back yard,9
good thing,9
long period,9
real life,9
Dr. Brodie,9
various types,9
better understanding,9
little time,9
Mrs. Borden,9
Miss Upton,9
few yards,9
late afternoon,9
wave lengths,9
social sciences,9
developed countries,9
liberal education,9
Sir Edward,9
movable property,9
hearing officer,9
skywave service,9
Advisory Board,9
linear operator,9
space V,9
Kohnstamm-positive subjects,9
few seconds,9
Wagner-Peyser Act,9
urethane foams,9
urethane foam,9
loop gain,9
Uncle Randolph,9
Mrs. Meeker,9
Poor John,9
Cousin Elec,9
Mr. Crombie,9
grand jury,8
state law,8
bond issue,8
public utility,8
tomorrow night,8
later years,8
City Council,8
law enforcement,8
town meeting,8
cocktail party,8
Country Club,8
new industry,8
foreign countries,8
Friday night,8
good job,8
home run,8
such thing,8
South Africa,8
last year's,8
small children,8
W. H.,8
West Germany,8
stock market,8
new product,8
Interstate Commerce,8
farm equipment,8
New Mexico,8
Fine Arts,8
American politics,8
financial support,8
Soviet leader,8
near future,8
own words,8
real sense,8
family business,8
faculty member,8
national security,8
toll-road bonds,8
special interest,8
national interest,8
social science,8
National Association,8
good man,8
Mr. Speaker,8
say something,8
early morning,8
first part,8
many men,8
vocational training,8
Cold War,8
wishful thinking,8
Christian unity,8
dark eyes,8
welfare state,8
peaceful coexistence,8
Harvard University,8
present time,8
Prairie Du,8
Du Chien,8
say anything,8
Roman Catholics,8
property values,8
good health,8
Junior Showmanship,8
combustion chamber,8
Santa Cruz,8
old friend,8
air conditioning,8
body weight,8
small firms,8
materials handling,8
whole thing,8
John Harvey,8
parade ground,8
post office,8
birth control,8
St. Peter's,8
oral tradition,8
Mel Chandler,8
first stage,8
married students,8
training programs,8
ecumenical movement,8
major denominations,8
white man,8
was Mr.,8
said nothing,8
Rob Roy,8
moral law,8
God's sake,8
financial assistance,8
state-owned vehicles,8
pilot plant,8
such claim,8
unadjusted allotment,8
Federal share,8
officer's report,8
Mr. Brown's,8
light intensity,8
onset age,8
null space,8
random variable,8
tangent point,8
tangent points,8
Kohnstamm-negative subjects,8
Kohnstamm reactivity,8
unstructured schools,8
address Af,8
cell Af,8
dictionary form,8
wage increase,8
total costs,8
parking lot,8
submarine defense,8
rake angle,8
shear plane,8
operating variables,8
state Af,8
front room,8
Billy Tilghman,8
Lucille Warren,8
Mr. Blatz,8
large cities,7
State College,7
fair trial,7
other cases,7
medical care,7
medical research,7
Kennedy administration,7
South Viet,7
Communist bloc,7
Federal Bureau,7
defense program,7
Defense Department,7
local government,7
home rule,7
William A.,7
shopping center,7
board members,7
Last week,7
West Coast,7
White Sox,7
last Saturday,7
last season,7
only ones,7
opposite side,7
right side,7
New York's,7
McCormick Place,7
Mrs. Henry,7
Presbyterian Church,7
is chairman,7
William H.,7
high speed,7
Catholic Church,7
screen door,7
Junior Achievement,7
business firms,7
school year,7
raw sewage,7
spare time,7
Morton Foods,7
Federal Reserve,7
Commerce Commission,7
rural areas,7
gross income,7
Court decision,7
social status,7
second time,7
Marine Corps,7
second floor,7
private enterprise,7
New Year's,7
South Carolina,7
square miles,7
Western Europe,7
operating costs,7
textile industry,7
free society,7
industrial development,7
mental health,7
is time,7
make use,7
little bit,7
Old Testament,7
own work,7
many problems,7
best interests,7
many areas,7
East River,7
human body,7
same period,7
natural law,7
own country,7
Greenwich Village,7
subject matter,7
New Yorker,7
Herald Tribune,7
sixteenth century,7
went home,7
new world,7
North America,7
miles north,7
Dr. Keys,7
middle number,7
local church,7
human action,7
such men,7
common man,7
Junior Classes,7
short distance,7
drill press,7
St. Sophia,7
feed efficiency,7
bacterial diarrhea,7
interior designer,7
shooting development,7
Bob Fogg,7
stone wall,7
apartment building,7
Hudson's Bay,7
Fort Garry,7
battle cry,7
good luck,7
Miss Packard,7
local school,7
economic pressure,7
Old South,7
same instant,7
Federal Government,7
Federal Constitution,7
beat generation,7
little while,7
symbolic name,7
Captain Heard,7
Mr. Hearst,7
department store,7
Vincent Berger,7
Atlantic community,7
English lady,7
development programs,7
labor surplus,7
Farm Credit,7
Industrial Division,7
planning division,7
collection year,7
Providence Plantations,7
saline water,7
such payments,7
Medical Illustration,7
Illustration Service,7
liquid helium,7
Yugoslav Claims,7
particular State's,7
due process,7
policy officer,7
was Af,7
molecular weight,7
negative pressure,7
liquid phase,7
form Af,7
reaction cells,7
incident light,7
Af cells,7
starting buffer,7
antibody activity,7
anionic binding,7
binding capacity,7
standard deviation,7
lower portion,7
crown gall,7
tissue powder,7
WTV antigen,7
primary decomposition,7
binomial experiment,7
singular lines,7
Af curve,7
text forms,7
information cells,7
annual rate,7
public-limit price,7
marginal costs,7
left side,7
eighth century,7
Telegraph Company,7
Daily Post,7
single stage,7
Great Expectations,7
oxidation ponds,7
aerated lagoon,7
mixed liquor,7
suspended solids,7
film thickness,7
cutting force,7
feed state,7
stage R,7
input axis,7
Cousin Simmons,7
open door,7
Pedersen kid,7
front seat,7
dressing room,7
King Arthur,7
Mrs. Buck,7
Lady Da,7
Gray Eyes,7
Cousin Emma,7
Mrs. Kirby,7
Mr. Willis,7
Mr. Gorboduc,7
Fulton County,6
Tuesday night,6
Sunday night,6
De La,6
Berlin crisis,6
North Atlantic,6
is today,6
coalition government,6
East Providence,6
said yesterday,6
Miss Mary,6
do business,6
Mr. Martinelli,6
police station,6
North Providence,6
Republican Party,6
10-year period,6
Democratic party,6
Sam Rayburn's,6
National Defense,6
N. Y.,6
Pennsylvania Avenue,6
Capitol Hill,6
armed forces,6
special session,6
John C.,6
E. M.,6
Monday night,6
D. C.,6
elementary schools,6
religious life,6
last spring,6
J. A.,6
said anything,6
National League,6
Arnold Palmer,6
much trouble,6
Notre Dame,6
small group,6
be Mrs.,6
Opera House,6
Mrs. James,6
Methodist Church,6
Dr. James,6
told police,6
school boards,6
Saturday evening,6
higher learning,6
Emory University,6
back door,6
market price,6
third year,6
Thomas Jefferson,6
Beverly Hills,6
paper work,6
retail sales,6
oil company,6
such factors,6
high standard,6
second half,6
blood pressure,6
American Institute,6
few miles,6
market place,6
civil rights,6
several minutes,6
blond hair,6
National Guard,6
Adlai Stevenson,6
own home,6
technical assistance,6
little evidence,6
civil war,6
West Virginia,6
new ideas,6
York State,6
major problems,6
Dominican Republic,6
public opinion,6
Mr. Sam,6
New Deal,6
Mr. Hammarskjold,6
foreign government,6
real problem,6
various parts,6
long run,6
land use,6
road block,6
such conditions,6
immediate future,6
Negro children,6
job opportunities,6
few feet,6
was part,6
real thing,6
industrial plant,6
best way,6
college students,6
early part,6
Connally amendment,6
little piece,6
Manchester Guardian,6
only hope,6
highway system,6
such cases,6
own way,6
Sunday morning,6
machine gun,6
Common Market,6
Allied Arts,6
many children,6
motion picture,6
do nothing,6
Henry James,6
old friends,6
personal experience,6
young wife,6
good idea,6
common experience,6
English Catholics,6
Virgin Mary,6
human dignity,6
third floor,6
magic square,6
ask questions,6
considerable number,6
world community,6
various ways,6
other factors,6
case histories,6
less time,6
different ways,6
Mrs. Long,6
chamber volume,6
have time,6
brown sugar,6
Valley Forge,6
Theodore Roosevelt,6
sitting room,6
plaster board,6
total cost,6
Timothy Palmer,6
New Haven,6
more people,6
other lands,6
Af inches,6
following year,6
shipping fever,6
beef cattle,6
art schools,6
other time,6
much money,6
U.S. Department,6
R. G.,6
few exceptions,6
married life,6
Pulley Bey,6
boy friend,6
Mrs. Shaefer,6
special case,6
taking place,6
7th Cavalry,6
American policy,6
Fall River,6
Miss Giles,6
vocational courses,6
family life,6
early childhood,6
Selden case,6
central city,6
social class,6
Indian trade,6
Mobile district,6
non-violent resistance,6
national responsibility,6
public service,6
sovereign states,6
young boy,6
own eyes,6
such questions,6
make sense,6
Dylan Thomas,6
mystery story,6
Sherlock Holmes,6
Sam Spade,6
other man,6
little boy,6
little girls,6
Peter Marshall,6
Brooks Adams,6
Christ's College,6
Walnut Trees,6
Lauro Di,6
Di Bosis,6
surplus areas,6
proposed loan,6
state vehicles,6
property tax,6
tax purposes,6
new plant,6
military personnel,6
surface temperature,6
States Code,6
total amount,6
such payment,6
Monroe Doctrine,6
minimum allotment,6
host country,6
development projects,6
15th day,6
due date,6
estimated tax,6
Carleton College,6
brightness temperature,6
antenna beam,6
burning arcs,6
anode surface,6
normal pressure,6
surface-active agent,6
particle size,6
group O,6
indirect Coombs,6
pressure dialysis,6
P. J.,6
pulmonary vein,6
Skeletal Age,6
growth centers,6
other sections,6
diagonalizable operator,6
vector space,6
invariant lines,6
Af points,6
multiple secant,6
Brandywine population,6
structured schools,6
Justice Frankfurter,6
statutory merger,6
mail questionnaire,6
pupil assignment,6
Issue no.,6
educational policy,6
cost analysis,6
capital costs,6
Manchester Depot,6
Western Union,6
dated poems,6
Homeric poems,6
over-all concept,6
second edition,6
knitted fabrics,6
gyro-stabilized platform,6
Mr. McKinley,6
drove home,6
Amen corner,6
Kent House,6
Jean Jacques,6
big house,6
Mrs. Pastern,6
Mr. Flannagan,6
big hands,6
Mrs. Meeker's,6
Mr. Morgan,6
Tom Horn,6
Mrs. Roebuck,6
Herr Schaffner,6
Miss Jen,6
Gratt Shafer,6
Mrs. Salter,6
Eddie Lee,6
Hanford College,6
federal funds,5
pension plan,5
city council,5
school superintendent,5
county school,5
telephone calls,5
such property,5
Dallas County,5
San Antonio,5
Gulf Coast,5
big cities,5
Dr. Clark,5
J. R.,5
Cape Cod,5
care plan,5
dental schools,5
payroll tax,5
very nature,5
rapid growth,5
local level,5
Sunday sales,5
department stores,5
free enterprise,5
wage increases,5
rule charter,5
President Eisenhower,5
Republican candidates,5
Mr. Wagner,5
voluntary agencies,5
military assistance,5
European nations,5
Coast Guard,5
Baton Rouge,5
aid program,5
major factor,5
maximum amount,5
apartment house,5
William F.,5
annual meeting,5
other peoples,5
Lord Jesus,5
York Yankees,5
early stages,5
Football League,5
ball club,5
batting average,5
ball player,5
took advantage,5
Babe Ruth,5
Mrs. Charles,5
wedding trip,5
Mrs. Frank,5
only time,5
night club,5
Mrs. Richard,5
bad luck,5
National Council,5
following day,5
John B.,5
Anne Arundel,5
Senator Joseph,5
miles south,5
Mr. Simpkins,5
high level,5
important part,5
ground floor,5
civil servants,5
complete picture,5
parked cars,5
entire family,5
W. E.,5
police car,5
City Hall,5
data processing,5
Scottish Rite,5
Brown University,5
business manager,5
middle-aged man,5
Dr. Albert,5
potato chip,5
gin machinery,5
new products,5
great number,5
financial condition,5
other products,5
raw materials,5
Revenue Service,5
next step,5
Corps volunteers,5
Symphony Orchestra,5
different types,5
new life,5
big car,5
new book,5
St. John's,5
Fort Lauderdale,5
was anything,5
is part,5
Johnny Mercer,5
Family Service,5
other reason,5
world opinion,5
broad range,5
labor unions,5
States Government,5
Uncle Sam,5
social structure,5
freight rates,5
new Soviet,5
Fidel Castro,5
present situation,5
home town,5
own right,5
Nobel Prize,5
central government,5
Patrice Lumumba,5
whole range,5
military strength,5
enough money,5
have trouble,5
certain types,5
steel company,5
high percentage,5
major part,5
long-range objective,5
West German,5
Mr. Rayburn,5
Sen. Jackson,5
natural beauty,5
Far East,5
Dag Hammarskjold,5
good friend,5
made use,5
good year,5
large extent,5
other ways,5
Benjamin Franklin,5
New English,5
English Bible,5
Divinity School,5
new version,5
English language,5
thyroid gland,5
task force,5
great majority,5
Prime Minister,5
great importance,5
Medical Association,5
high cost,5
school students,5
Public Health,5
Washington Square,5
small way,5
French Revolution,5
U Thant,5
American men,5
motor car,5
first move,5
Dr. Glenn,5
atmospheric tests,5
West Side,5
old age,5
world affairs,5
previous day,5
radio stations,5
had dinner,5
Town Hall,5
Marshal Slim,5
wide range,5
first act,5
human form,5
had something,5
private brand,5
West Indies,5
Fifth Avenue,5
C. A.,5
natural world,5
recent events,5
fresh air,5
brought home,5
close friend,5
Staten Island,5
first meeting,5
practical purposes,5
same reason,5
death rate,5
cold weather,5
spiritual beings,5
last century,5
taking care,5
ninth century,5
century B.C.,5
other numbers,5
membership preparation,5
major areas,5
class members,5
social institutions,5
student body,5
trade associations,5
such information,5
religious belief,5
many forms,5
primary purpose,5
Push-Pull Super-Set,5
own people,5
ballistic missiles,5
manned bombers,5
many factors,5
Junior Class,5
knew nothing,5
cubic inches,5
cubic centimeters,5
surface tension,5
gear ratio,5
know nothing,5
best time,5
white wine,5
soft drinks,5
have plenty,5
opposite sides,5
design head,5
sugar bowl,5
General Court,5
government agencies,5
Geological Society,5
Roy Mason,5
hard work,5
only person,5
electronic equipment,5
magnetic forces,5
dairy cows,5
few things,5
highest level,5
new home,5
Oakwood Heights,5
maintenance costs,5
right time,5
new men,5
warning system,5
mental image,5
integral part,5
breakfast table,5
New Englander,5
new way,5
open market,5
sex act,5
gives way,5
Dr. Calderone,5
regular job,5
sewage system,5
recent decades,5
family planning,5
such action,5
Bay Company,5
Fort Daer,5
War Department,5
Fort Snelling,5
local officials,5
American literature,5
Marvin Goulding,5
J. J.,5
such projects,5
various kinds,5
black eyes,5
upper lip,5
ice water,5
young girl,5
wine waiter,5
red wines,5
old house,5
few words,5
own hands,5
Lucy Upton,5
vocational programs,5
industrial uses,5
rear end,5
own life,5
identity diffusion,5
identity crises,5
time diffusion,5
Via D.,5
social classes,5
middle-class people,5
friendly contact,5
seventeenth century,5
water level,5
John Adams,5
Jackson Pollock,5
had none,5
be nothing,5
causal efficacy,5
Charles Men,5
fundamental law,5
try anything,5
did something,5
mere fact,5
Oedipus complex,5
prison camp,5
Mr. Lyford,5
own age,5
Mr. Wright,5
Free World,5
high degree,5
Paul Bang-Jensen,5
Ernest Gross,5
Next morning,5
Harold Arlen,5
little thing,5
same amount,5
little girl,5
Gentile-Jewish relations,5
Kehl bridge,5
enter Germany,5
Atlanta campaign,5
good look,5
low intensity,5
selective service,5
small number,5
other places,5
Childhood's End,5
Space Merchants,5
first section,5
Atlantic nations,5
jazz musician,5
further information,5
U.S. Government,5
small businesses,5
self-sustaining growth,5
mileage allowances,5
year calendar,5
tax year,5
Security Act,5
Rhode Islanders,5
domestic producers,5
training aids,5
lantern slide,5
teaching sets,5
transition probabilities,5
allotment percentage,5
fallout protection,5
J. F.,5
wildlife habitat,5
Forest System,5
forest development,5
weapons systems,5
weapon system,5
relative importance,5
cochannel interference,5
clear channels,5
different classes,5
last day,5
R. Brown,5
sewing machine,5
important factor,5
Publications Board,5
Industries Association,5
black body,5
wave length,5
mass flow,5
heat transfer,5
kinetic energy,5
flow rate,5
steady state,5
potential energy,5
ideal gas,5
space group,5
hard-surface cleaning,5
gas phase,5
reaction tubes,5
Poynting-Robertson effect,5
red cells,5
insoluble material,5
agglutinin activity,5
Pacific Northwest,5
boa constrictor,5
Indian python,5
artery-pulmonary artery,5
bronchial arteries,5
completion ages,5
mean age,5
completion age,5
same schedule,5
clover stems,5
intermediate sera,5
indirect method,5
nonspecific fluorescence,5
tumor sections,5
decomposition theorem,5
have Af,5
differential equation,5
binomial trial,5
binomial trials,5
corner points,5
finite number,5
quadric surface,5
meets **zg,5
multiple secants,5
larger society,5
mate selection,5
boundary maintenance,5
different people,5
dictionary information,5
text form,5
dictionary usage,5
stronger stress,5
East Europe,5
skilled workers,5
enchanting index,5
odd-lot indices,5
weak hands,5
state court,5
federal law,5
tax attributes,5
successor corporation,5
loss carryover,5
AIA list,5
written notice,5
Summary Report,5
entire society,5
cost apportionment,5
bad thing,5
A. J.,5
Factory Point,5
Power Company,5
first collage,5
picture plane,5
Early Life,5
Neutral Tones,5
symbolic names,5
object program,5
domestic sewage,5
drainage ditch,5
dissolved oxygen,5
force requirements,5
physical constants,5
present edition,5
removal process,5
cohesive failure,5
foamed plastics,5
cu. ft.,5
single stages,5
image intensifier,5
image intensifiers,5
phosphor screen,5
fiber plates,5
accelerometer output,5
sensitive axis,5
true heading,5
Black Bottom,5
nigger boy,5
Harry Hawk,5
open window,5
brown hair,5
thin man,5
low voice,5
Mrs. Calhoun,5
said Angie,5
Mr. Paxton,5
Brian Thayer,5
Mr. Hohlbein,5
police captain,5
Chief Moore,5
Pearson City,5
Diana Beauclerk,5
blonde hair,5
said Hal,5
Shell people,5
dead man,5
Gyp Carmer,5
Sante Fe,5
Mr. Roy,5
Blue Throat's,5
Delphine Lalaurie,5
Madame Lalaurie,5
Dandy Brandon,5
Mr. Robards,5
was one,5
San Diego,5
John Cooper,5
hand lotion,5
Phil Rossoff,5
Anniston catcher,5
Mr. Partlow,5
General Burnside,5
said Friday,4
city employes,4
Police Department,4
Mrs. J.,4
governor's race,4
Blue Ridge,4
unit system,4
Highway Department,4
urban areas,4
state courts,4
last November,4
State Board,4
day schools,4
State Hospital,4
attorney general,4
Affairs Committee,4
J. W.,4
teaching methods,4
Massachusetts Institute,4
racial discrimination,4
last minute,4
23d ward,4
aged care,4
federal grants,4
only part,4
health program,4
Speaker Sam,4
President Eisenhower's,4
Treaty Organization,4
United States',4
greatest achievement,4
underdeveloped countries,4
Geneva conference,4
Communist countries,4
nuclear test,4
pro-Western government,4
Souvanna Phouma,4
Prince Souvanna,4
executive director,4
Central Falls,4
Mr. Reama,4
Citizens Group,4
James P.,4
Richard J.,4
high rate,4
public life,4
bad taste,4
Mr. Mitchell,4
is president,4
Red Cross,4
Southern states,4
national committee,4
running mates,4
Mr. Buckley,4
Public Works,4
religious groups,4
Sargent Shriver,4
political affairs,4
Dwight D.,4
D. Eisenhower,4
Lafayette Square,4
take part,4
give way,4
full amount,4
master plan,4
International Association,4
Rev. Mr.,4
have none,4
new churches,4
is evidence,4
last fall,4
first inning,4
training program,4
spring training,4
next summer,4
National Football,4
Washington State,4
good feeling,4
American Association,4
third base,4
first night,4
Willie Mays,4
Lou Gehrig,4
Mickey Mantle,4
World Series,4
news conference,4
League club,4
James A.,4
football team,4
N. J.,4
small boy,4
Wednesday night,4
Several times,4
Metropolitan Opera,4
board member,4
next night,4
fallout shelters,4
honest man,4
South African,4
are Mr.,4
former Miss,4
Robert F.,4
luncheon table,4
Mrs. Samuel,4
Mrs. Marr,4
W. B.,4
First Presbyterian,4
late Mrs.,4
State University,4
Mr. Mills,4
Thrift Shop,4
Mrs. Harry,4
good condition,4
evening hours,4
John J.,4
R. I.,4
Dr. Jenkins,4
several cities,4
British government,4
atomic energy,4
yesterday afternoon,4
household chores,4
North Viet,4
North Vietnamese,4
R. C.,4
pay tribute,4
daylight hours,4
said Mrs.,4
North Plains,4
home economics,4
second day,4
working conditions,4
Mr. Parker,4
was time,4
Albert Schweitzer,4
chip industry,4
public mind,4
began operations,4
is reason,4
good news,4
durable goods,4
labor costs,4
due June,4
foreseeable future,4
economic conditions,4
new machinery,4
farm machinery,4
finished products,4
Federal law,4
Social Security,4
Greer Garson,4
Miss Garson,4
young ladies,4
hard time,4
Las Vegas,4
little car,4
Henri De,4
says Mr.,4
Family Week,4
Kirov Ballet,4
gas station,4
Duncan Phyfe,4
chamber music,4
young Americans,4
heavy traffic,4
lower levels,4
neutral Laos,4
Chairman Khrushchev,4
religious community,4
state university,4
market value,4
limited number,4
own sense,4
anti-monopoly laws,4
Armed Services,4
public policy,4
whole affair,4
worth while,4
trade unions,4
common law,4
diplomatic relations,4
President-elect Kennedy,4
Judge Smith,4
Richard Nixon,4
Golf Club,4
International Airport,4
great man,4
New Year,4
real reason,4
Street Journal,4
private property,4
Belgian government,4
public housing,4
political science,4
principal ones,4
Moise Tshombe,4
St. Augustine,4
long-range bombers,4
more years,4
new ways,4
U.S. coal,4
state governments,4
local community,4
certain number,4
member libraries,4
cultural life,4
world today,4
same rate,4
military forces,4
more attention,4
democratic institutions,4
New Frontier,4
upper body,4
African nations,4
other industries,4
fallout shelter,4
world law,4
world peace,4
public use,4
Miami Beach,4
world trade,4
Stone Harbor,4
national economy,4
Public Administration,4
depressed areas,4
Federal program,4
new plants,4
economic growth,4
best friends,4
former President,4
Queen Mary,4
city departments,4
many months,4
is room,4
Several years,4
good friends,4
good ones,4
make room,4
lunch counters,4
are signs,4
active part,4
early June,4
fringe benefits,4
contemporary English,4
first result,4
index finger,4
Carl Sandburg,4
RCA Victor,4
minority groups,4
Republican party,4
first glance,4
school population,4
retarded children,4
VA hospitals,4
American public,4
can anyone,4
chain stores,4
professional people,4
sidewalk cafe,4
nuclear warfare,4
business man,4
several types,4
future generations,4
initial attack,4
good intentions,4
River Drive,4
focal point,4
business community,4
Atomic Energy,4
Energy Commission,4
factory workers,4
miles northwest,4
Soviet tests,4
third choice,4
first instance,4
World Council,4
can one,4
new nations,4
back room,4
melting pot,4
red hair,4
20th century,4
Draft Program,4
anti-party group,4
many points,4
world war,4
North Koreans,4
Monday morning,4
Army Reserve,4
said something,4
higher percentage,4
psychological warfare,4
next season,4
Don Quixote,4
Miss Sutherland,4
showed signs,4
Many years,4
York Philharmonic,4
Lewisohn Stadium,4
Miss Xydis,4
own resources,4
George Dillon,4
musical comedy,4
first wife,4
Mr. Kennan,4
Franklin D.,4
Piano Concerto,4
new work,4
art form,4
excellent example,4
Mr. Nagrin,4
become part,4
long shot,4
own time,4
real world,4
last night's,4
Negro-appeal radio,4
past decade,4
present century,4
hydrogen atom,4
Dr. Lyttleton,4
Much Ado,4
more reason,4
short stories,4
western Europe,4
Mr. Remarque's,4
automobile racing,4
De Gaulle,4
great men,4
new techniques,4
ice cream,4
coronary artery,4
opening scene,4
is spirit,4
other types,4
Many people,4
Guy Fawkes,4
Protestant churches,4
Catholic priest,4
large city,4
mass media,4
is death,4
be part,4
guiding principle,4
good works,4
other forms,4
Han dynasty,4
little information,4
many centuries,4
mathematical properties,4
new member,4
accidental war,4
economic system,4
most Americans,4
professional organizations,4
political system,4
kitchen table,4
same number,4
empty space,4
open sea,4
new nation,4
older stock,4
nineteenth-century immigration,4
Protestant congregations,4
Christian Science,4
original sin,4
anti-slavery movement,4
Mahayana Buddhism,4
little difference,4
external world,4
Hwang Pah,4
Holy Scriptures,4
St. Peter,4
is none,4
Christ Jesus,4
doing anything,4
Mr. America,4
Bench Press,4
little things,4
military force,4
strategic forces,4
important role,4
military aircraft,4
post-attack reconnaissance,4
long years,4
Showmanship Competition,4
great help,4
other activities,4
local law,4
safety program,4
same material,4
bar spacers,4
cross-sectional area,4
compression ratio,4
total volume,4
final combustion,4
engine speed,4
knows nothing,4
new models,4
home range,4
new development,4
meant nothing,4
Hudson River,4
Ethan Allen,4
Golden Horn,4
First World,4
Blue Mosque,4
stone building,4
different kinds,4
prepared mustard,4
clay piece,4
excess clay,4
same type,4
panel board,4
modern techniques,4
Deer Island,4
such sums,4
take charge,4
Union soldiers,4
swimming pool,4
bad weather,4
young children,4
new house,4
operating expenses,4
sand dunes,4
Classical Symphony,4
world citizen,4
native land,4
Twentieth Century,4
particular attention,4
long experience,4
mind's eye,4
head start,4
military electronics,4
few examples,4
visible light,4
first question,4
electric current,4
new form,4
marketing management,4
first decade,4
Interior Designers,4
earlier years,4
shooting preserves,4
bathing suits,4
have people,4
technical competence,4
central storage,4
distribution system,4
recent developments,4
expandable styrene,4
New rule,4
rule no.,4
Research Council,4
unit loads,4
box cars,4
good way,4
railroad station,4
dozen times,4
abrupt changes,4
salt water,4
first steps,4
second week,4
old school,4
vaginal muscles,4
great value,4
sexual experience,4
equal number,4
sexual relationship,4
recent book,4
cafe society,4
early summer,4
large amount,4
entire body,4
new position,4
absent sitter,4
employment opportunities,4
second step,4
theological belief,4
religious beliefs,4
East India,4
Half Moon,4
first name,4
Fort Douglas,4
full extent,4
St. Paul,4
few lines,4
own mind,4
nineteenth centuries,4
military services,4
military history,4
swivel chair,4
Captain Chandler,4
Regular Army,4
had plenty,4
Communist power,4
worthy objective,4
own sake,4
did nothing,4
U.S. aid,4
Jewish students,4
lower-middle class,4
Ivy League,4
equal parts,4
own district,4
Bridget Sullivan,4
brother Winslow,4
great power,4
first sight,4
many communities,4
medical school,4
major problem,4
Cereal grains,4
identity crisis,4
much work,4
ideological diffusion,4
infringement suits,4
cross-licensing agreement,4
Via Di,4
turn right,4
narrow street,4
police force,4
economic level,4
central cities,4
middle classes,4
next chapter,4
public pressure,4
following morning,4
other means,4
Western nations,4
command centers,4
rain squall,4
white men,4
mystery stories,4
Founding Fathers,4
John Jay,4
Tobacco Road,4
past century,4
federal balance,4
Southern States,4
last analysis,4
large areas,4
gave rise,4
solar system,4
same kind,4
industrial revolution,4
final analysis,4
west side,4
front porch,4
opposite direction,4
physical appearance,4
other part,4
murmured something,4
public school,4
short poems,4
different kind,4
certain amount,4
corporate structure,4
common use,4
moral intuition,4
civilizational crisis,4
third level,4
individual men,4
human spirit,4
social criticism,4
heavenly bodies,4
Johns Hopkins,4
Szold girls,4
high standards,4
Mrs. Wright,4
Miriam Noel,4
dirty work,4
developing nations,4
development effort,4
general war,4
active forces,4
Theatre Guild,4
Mr. Hearst's,4
Colonel Van,4
Van Hamm,4
scientific research,4
decision makers,4
saying nothing,4
leave France,4
re-enter France,4
Mrs. King,4
other women,4
gray hair,4
lesser degree,4
blue sky,4
abrupt end,4
Papa's death,4
Professor Baker,4
big newt,4
little newt,4
further discussion,4
Plato's Republic,4
free hand,4
going home,4
varying degrees,4
Anglo-Saxon invasions,4
fourth century,4
Draft Act,4
Recreation Association,4
Edward Greville,4
El Dorado,4
Elmer Gantry,4
Mrs. Lewis,4
high spirits,4
Mr. Lewis,4
early poems,4
science-fiction writers,4
space merchants,4
modern jazz,4
Charlie Parker,4
Printed material,4
business management,4
regional offices,4
long-term approach,4
state automobile,4
state automobiles,4
tangible property,4
such person,4
Planning Division,4
urban land,4
service areas,4
fiscal uniformity,4
fiscal tax,4
Forces Day,4
Miss Rhode,4
joint resolution,4
Forensic Pathology,4
Medical Museum,4
vapor pressure,4
temperature range,4
Naval Research,4
authorized representatives,4
such awards,4
Claims Agreement,4
freight traffic,4
O. merger,4
naval blockade,4
several States,4
other States,4
roof beams,4
concrete blocks,4
double-wall shelter,4
fallout radiation,4
original report,4
Department's recommendation,4
Mutual Security,4
skilled manpower,4
habitat management,4
present level,4
forest highway,4
aircraft procurement,4
agricultural commodities,4
agreed projects,4
skywave interference,4
skywave transmission,4
tax returns,4
file Form,4
District Director,4
principal place,4
Unifil loom,4
Student Association,4
home entertainment,4
Mr. Devey,4
older men,4
infrared emission,4
thermal radiation,4
solar radiation,4
planetary radiation,4
temperature distribution,4
porous graphite,4
arc voltage,4
present study,4
lower limit,4
Gibbs function,4
low viscosity,4
major axis,4
magnetic resonance,4
Af distance,4
unit cell,4
oxygen atoms,4
weight loss,4
detergent actives,4
detergent formulations,4
aqueous phase,4
photochemical exchange,4
activation energy,4
vacuum line,4
reaction rates,4
last column,4
micrometeorite flux,4
impact rate,4
physical properties,4
small particles,4
office building,4
whole sera,4
group B,4
Coombs test,4
isotonic saline,4
willow catkins,4
maximum length,4
amethystine python,4
supportive tissue,4
capillary bed,4
artery anastomoses,4
interlobular septa,4
respiratory bronchioles,4
arterial blood,4
Onset Profile,4
Completion Profile,4
onset ages,4
upper portion,4
antithyroid drugs,4
muscle weakness,4
indirect methods,4
gall tissue,4
specific fluorescence,4
pseudophloem tissue,4
specific staining,4
hypothalamic excitability,4
conditioned reactions,4
additional information,4
field F,4
Let Af,4
nilpotent operator,4
complex numbers,4
equation Af,4
possible outcomes,4
binomial distribution,4
fixed number,4
occurrence Af,4
odd number,4
point P,4
function Af,4
child guidance,4
core families,4
demographic inquiries,4
total population,4
sampling census,4
naive state,4
normal reactions,4
control factors,4
test scores,4
achievement scores,4
compulsive children,4
unstructured school,4
high anxiety,4
school systems,4
closed door,4
different things,4
grammatical description,4
dictionary forms,4
text occurrence,4
Text reading,4
drinking water,4
field techniques,4
basic list,4
stem frequencies,4
education programs,4
Federal expenditures,4
Federal funds,4
Federal government,4
strong hands,4
industry's product,4
product price,4
price increases,4
average cost,4
price increase,4
national law,4
transferor corporation,4
tax-free reorganization,4
operating loss,4
Aerospace Industries,4
Thomas Register,4
defense programs,4
packing shed,4
Secretary's Regulation,4
Cost Section,4
Geometric pottery,4
Aegean world,4
Dark ages,4
Greek civilization,4
was manager,4
E. B.,4
Harper's Ferry,4
suburban branch,4
American artists,4
continuation cards,4
actual address,4
declarative statements,4
Input/Output Control,4
Control System,4
existing oxidation,4
Red Bridge,4
operating conditions,4
fixed installations,4
area coverage,4
ionizing radiation,4
shear angle,4
cutting mechanism,4
slab stock,4
image intensification,4
chromatic aberrations,4
optical system,4
viewing screen,4
resolution capabilities,4
flux gain,4
internal losses,4
optimal Af-stage,4
Af-stage policy,4
optimal R-stage,4
R-stage policy,4
dynamic program,4
deterministic process,4
automatic leveling,4
leveling system,4
gyro drift,4
get home,4
same moment,4
funeral parlor,4
Presiding Elder,4
green eyes,4
Christ's sake,4
Monsieur Favre,4
enough time,4
Rabbi Melzi,4
Mrs. Tussle,4
homely face,4
deep breath,4
own lips,4
fat hell,4
Miss Ada's,4
old maid,4
doing something,4
pickup truck,4
dirt road,4
second car,4
right fist,4
air conditioner,4
kitchen door,4
Stanley Gilborn,4
scholarship fund,4
insurance man,4
be one,4
Mr. Phillips,4
neon sign,4
Dogtown Common,4
Beech Pasture,4
water brother,4
Hal Yarrow,4
fusion power,4
orderly room,4
least bit,4
Night Riders,4
Donald Kruger,4
Tom Brannon,4
Luis Hernandez,4
Hank Maguire,4
radio button,4
rear window,4
Louis Thor,4
New Orleans',4
said Tilghman,4
Bill Doolin,4
coffee shop,4
Mrs. Gertrude,4
Gertrude Parker,4
Philip Spencer,4
Early Spring,4
Mousie Chandler,4
Frankie Ricco,4
Samuel Burns,4
Mother Cabrini,4
General Burnside's,4
